[
  {
    "id": "/subscriptions/a428af4e-908c-4fd3-a149-170561425bc3/resourceGroups/Storiesforus/providers/Microsoft.Resources/deployments/Microsoft.Web-WebApp-Portal-3a15d593-8fbd/operations/A04C8E8605A1A980",
    "operationId": "A04C8E8605A1A980",
    "properties": {
      "provisioningOperation": "Create",
      "provisioningState": "Succeeded",
      "timestamp": "2021-02-08T15:36:24.7462607Z",
      "duration": "PT1M2.9771748S",
      "trackingId": "b4331313-fe97-4fe7-b7a2-15395cede3e7",
      "serviceRequestId": "9ea90128-96e6-45e2-96ce-651f3569a0c6",
      "statusCode": "OK",
      "targetResource": {
        "id": "/subscriptions/a428af4e-908c-4fd3-a149-170561425bc3/resourceGroups/Storiesforus/providers/Microsoft.Web/sites/storiesforus",
        "resourceType": "Microsoft.Web/sites",
        "resourceName": "storiesforus"
      }
    }
  },
  {
    "id": "/subscriptions/a428af4e-908c-4fd3-a149-170561425bc3/resourceGroups/Storiesforus/providers/Microsoft.Resources/deployments/Microsoft.Web-WebApp-Portal-3a15d593-8fbd/operations/2D6033243FCA9C2B",
    "operationId": "2D6033243FCA9C2B",
    "properties": {
      "provisioningOperation": "Create",
      "provisioningState": "Succeeded",
      "timestamp": "2021-02-08T15:36:06.3603818Z",
      "duration": "PT44.5912959S",
      "trackingId": "1b81e252-a7d2-4e6a-b193-eaa2b701140b",
      "serviceRequestId": "11239ad9-3c1e-4a1d-bb40-de38c71304f1",
      "statusCode": "OK",
      "targetResource": {
        "id": "/subscriptions/a428af4e-908c-4fd3-a149-170561425bc3/resourceGroups/Storiesforus/providers/Microsoft.Web/serverfarms/ASP-Storiesforus-a829",
        "resourceType": "Microsoft.Web/serverfarms",
        "resourceName": "ASP-Storiesforus-a829"
      }
    }
  },
  {
    "id": "/subscriptions/a428af4e-908c-4fd3-a149-170561425bc3/resourceGroups/Storiesforus/providers/Microsoft.Resources/deployments/Microsoft.Web-WebApp-Portal-3a15d593-8fbd/operations/08585888083649631580",
    "operationId": "08585888083649631580",
    "properties": {
      "provisioningOperation": "EvaluateDeploymentOutput",
      "provisioningState": "Succeeded",
      "timestamp": "2021-02-08T15:36:24.8046868Z",
      "duration": "PT1M3.0356009S",
      "trackingId": "f20cd0e0-ee81-4fe5-bea4-1922c9e48f4c",
      "statusCode": "OK"
    }
  }
]