{
  "id": "/subscriptions/a428af4e-908c-4fd3-a149-170561425bc3/resourceGroups/Storiesforus/providers/Microsoft.Resources/deployments/Microsoft.Web-WebApp-Portal-3a15d593-8fbd",
  "name": "Microsoft.Web-WebApp-Portal-3a15d593-8fbd",
  "type": "Microsoft.Resources/deployments",
  "tags": {
    "primaryResourceId": "/subscriptions/a428af4e-908c-4fd3-a149-170561425bc3/resourcegroups/Storiesforus/providers/Microsoft.Web/sites/storiesforus",
    "marketplaceItemId": "Microsoft.WebSite"
  },
  "properties": {
    "templateHash": "4883191733679320624",
    "parameters": {
      "subscriptionId": {
        "type": "String",
        "value": "a428af4e-908c-4fd3-a149-170561425bc3"
      },
      "name": {
        "type": "String",
        "value": "storiesforus"
      },
      "location": {
        "type": "String",
        "value": "Central US"
      },
      "hostingPlanName": {
        "type": "String",
        "value": "ASP-Storiesforus-a829"
      },
      "serverFarmResourceGroup": {
        "type": "String",
        "value": "Storiesforus"
      },
      "alwaysOn": {
        "type": "Bool",
        "value": false
      },
      "sku": {
        "type": "String",
        "value": "Free"
      },
      "skuCode": {
        "type": "String",
        "value": "F1"
      },
      "workerSize": {
        "type": "String",
        "value": "0"
      },
      "workerSizeId": {
        "type": "String",
        "value": "0"
      },
      "numberOfWorkers": {
        "type": "String",
        "value": "1"
      },
      "linuxFxVersion": {
        "type": "String",
        "value": "NODE|12-lts"
      }
    },
    "mode": "Incremental",
    "debugSetting": {
      "detailLevel": "None"
    },
    "provisioningState": "Succeeded",
    "timestamp": "2021-02-08T15:36:24.8241611Z",
    "duration": "PT1M4.3096891S",
    "correlationId": "f933ce9e-8184-4fa8-af6e-42bb71f4233a",
    "providers": [
      {
        "namespace": "Microsoft.Web",
        "resourceTypes": [
          {
            "resourceType": "sites",
            "locations": [
              "centralus"
            ]
          },
          {
            "resourceType": "serverfarms",
            "locations": [
              "centralus"
            ]
          }
        ]
      }
    ],
    "dependencies": [
      {
        "dependsOn": [
          {
            "id": "/subscriptions/a428af4e-908c-4fd3-a149-170561425bc3/resourceGroups/Storiesforus/providers/Microsoft.Web/serverfarms/ASP-Storiesforus-a829",
            "resourceType": "Microsoft.Web/serverfarms",
            "resourceName": "ASP-Storiesforus-a829"
          }
        ],
        "id": "/subscriptions/a428af4e-908c-4fd3-a149-170561425bc3/resourceGroups/Storiesforus/providers/Microsoft.Web/sites/storiesforus",
        "resourceType": "Microsoft.Web/sites",
        "resourceName": "storiesforus"
      }
    ],
    "outputResources": [
      {
        "id": "/subscriptions/a428af4e-908c-4fd3-a149-170561425bc3/resourceGroups/Storiesforus/providers/Microsoft.Web/serverfarms/ASP-Storiesforus-a829"
      },
      {
        "id": "/subscriptions/a428af4e-908c-4fd3-a149-170561425bc3/resourceGroups/Storiesforus/providers/Microsoft.Web/sites/storiesforus"
      }
    ],
    "validationLevel": "Template"
  }
}